node_id,antiguedad_meses,ingreso_promedio,target
node_0,39,1318.4770380298592,0
node_1,52,2803.363222389782,0
node_2,29,2029.8182162322266,0
node_3,15,2952.477216289186,0
node_4,43,4001.9042304269847,0
node_5,8,1940.6136054369297,0
node_6,21,6403.146656515884,0
node_7,39,1905.0763554220516,0
node_8,58,2018.5596412939315,0
node_9,19,1713.9000797210092,0
node_10,23,643.118727790709,0
node_11,11,2444.115871573855,0
node_12,11,1689.273296142589,0
node_13,24,1399.240596971737,0
node_14,53,4119.793690230797,0
node_15,36,1030.6461729322923,0
node_16,40,1612.2533285627226,0
node_17,24,2294.214662295778,0
node_18,3,2887.9258838591236,0
node_19,22,1422.4658832560303,0
node_20,53,3268.60848419401,0
node_21,2,2697.472300469777,0
node_22,24,602.7972884326252,0
node_23,44,570.4192925762267,0
node_24,30,1954.559748917325,0
node_25,38,1140.2171613344929,0
node_26,2,851.9340108662158,0
node_27,21,1800.0011382666214,0
node_28,33,1126.8301309819722,0
node_29,12,1655.8959820823322,0
node_30,58,1424.610242837398,0
node_31,22,1818.3699760877253,0
node_32,44,1266.9898460991549,0
node_33,25,2294.3421764595732,0
node_34,49,797.7994723094332,0
node_35,27,2288.567749333204,0
node_36,59,1295.6784964172293,0
node_37,42,3610.995841586684,0
node_38,28,1586.1398263807348,0
node_39,16,5924.020696449552,0
node_40,15,1881.7114461638103,0
node_41,47,880.1124125211128,0
node_42,51,3087.194333547978,0
node_43,44,1134.8693009773078,0
node_44,55,1140.690290998629,0
node_45,52,548.4821551013307,0
node_46,57,1693.4853427808657,0
node_47,3,1646.7182965464078,0
node_48,37,1160.0649946775948,0
node_49,51,3869.5519073581595,0
node_50,7,706.7367177733568,0
node_51,21,1100.9391574354872,0
node_52,9,1081.9891834849177,0
node_53,39,645.2464707309504,0
node_54,18,1484.1973666308425,0
node_55,4,2246.0934797183,0
node_56,25,1575.105918371663,0
node_57,14,756.1427715266474,0
node_58,50,1210.5018182047334,0
node_59,58,503.89759594381854,0
node_60,9,3540.8556140081178,0
node_61,26,632.4552387765029,1
node_62,53,1864.2634784397644,0
node_63,2,6930.838061991646,0
node_64,20,1653.7167223631661,0
node_65,28,4366.357327467869,0
node_66,47,904.0100475618831,1
node_67,7,2640.3958652070637,0
node_68,44,1636.57896610875,0
node_69,8,2412.215679149156,0
node_70,47,596.5539831967819,0
node_71,35,739.7938533120421,0
node_72,14,714.2767655394463,0
node_73,17,2243.1214993211815,0
node_74,36,3291.0921404805877,0
node_75,50,2577.140699259238,1
node_76,40,546.4191220760456,0
node_77,4,3528.535786401299,0
node_78,2,1155.7742683241863,0
node_79,6,1259.1647222988645,1
node_80,54,666.178083118476,0
node_81,42,2505.714713743804,0
node_82,4,801.8600634698948,0
node_83,54,1745.0494619916306,0
node_84,29,3255.5431250288766,0
node_85,18,640.1550461781941,0
node_86,26,1649.6596654228947,0
node_87,44,898.326006030191,0
node_88,34,1129.9399235056687,0
node_89,10,1463.5953834618322,0
node_90,36,1158.0000286602035,0
node_91,14,2069.6966815022533,0
node_92,31,1479.6847095322998,0
node_93,48,1816.3244964429953,0
node_94,15,2502.3897140224485,0
node_95,8,1723.7936872052676,0
node_96,14,1824.7751939811765,0
node_97,23,1746.7479381415712,0
node_98,57,1214.087183415262,0
node_99,40,1117.4817103734663,0
node_100,21,3948.597899462717,0
node_101,16,1903.0391680993305,0
node_102,45,920.2717232045386,1
node_103,18,1534.473054609421,0
node_104,47,1101.4967348329005,0
node_105,53,4570.163101282489,0
node_106,24,511.3443347379317,0
node_107,26,882.9826373865186,0
node_108,25,1182.0385381589354,0
node_109,45,1503.5888601947686,0
node_110,41,3353.8775148142927,0
node_111,29,637.9881166889364,0
node_112,15,2958.801353356092,0
node_113,45,585.8931707448121,0
node_114,1,3270.7246834435214,0
node_115,25,579.524500437242,0
node_116,7,527.6163908256004,0
node_117,9,2290.842941976256,0
node_118,24,9347.253557665765,0
node_119,1,3903.8743653527267,0
node_120,44,1787.0271382500757,0
node_121,8,4240.538734281283,0
node_122,24,507.97115188319333,0
node_123,11,6037.354380627278,1
node_124,51,1512.220740114004,0
node_125,17,2425.0441110195065,1
node_126,8,3079.393819166195,0
node_127,35,2401.2065778984893,0
node_128,35,1648.6953052398678,0
node_129,33,1471.1697734774361,0
node_130,59,3235.642199635163,0
node_131,5,844.2660935352677,0
node_132,42,5662.750957442326,0
node_133,39,2361.7462569447607,0
node_134,58,833.7911005206631,1
node_135,41,2499.114374492668,0
node_136,28,1632.023398973725,0
node_137,7,2342.5524317730597,0
node_138,9,2690.101900802256,0
node_139,8,637.0059196729741,0
node_140,12,1558.145332870668,0
node_141,34,4532.687767392486,0
node_142,33,1079.910990910149,0
node_143,48,1851.671335665216,0
node_144,55,1191.2221205728786,0
node_145,23,1408.440822987392,1
node_146,24,1693.1124828271227,0
node_147,37,1694.1724412702595,0
node_148,35,837.9634580886925,0
node_149,44,2230.7350983241413,0
node_150,40,637.9560267470291,0
node_151,22,724.1859201421191,0
node_152,27,504.07187083468415,0
node_153,35,686.1288940762545,0
node_154,1,1461.3052282939436,0
node_155,35,1897.4944767231862,0
node_156,37,2871.927792787225,0
node_157,47,669.2479532271723,0
node_158,14,3352.9722746701314,0
node_159,3,2555.4810858160035,0
node_160,1,1287.6867835876133,0
node_161,5,4553.208072375607,0
node_162,26,7554.087941108453,0
node_163,55,844.1231616903829,0
node_164,14,1215.1885348102926,0
node_165,39,4414.672992469741,0
node_166,27,2418.0259415836936,0
node_167,9,573.9344975922894,0
node_168,15,2781.553317022236,0
node_169,15,3139.8757730183365,0
node_170,26,2582.456117465833,0
node_171,42,2910.689361506195,0
node_172,13,3115.5916176977985,0
node_173,51,809.4388453308006,0
node_174,32,903.1761461785192,0
node_175,39,2006.6937516430394,0
node_176,49,4076.7689838534166,0
node_177,52,1070.1272055281615,0
node_178,32,1831.2148482964778,0
node_179,4,2223.195386637851,0
node_180,30,1402.0793047737575,0
node_181,37,2376.5046649233063,0
node_182,23,3948.8975949778855,0
node_183,39,1967.6543545693612,0
node_184,45,1664.0794255533513,0
node_185,15,1366.3690293680543,1
node_186,43,1792.3000067241685,0
node_187,29,1158.6005914069801,0
node_188,36,1245.093450730293,0
node_189,13,1638.4737482655366,0
node_190,32,603.4128826626066,0
node_191,7,890.1497576280135,0
node_192,59,1674.11330954485,0
node_193,51,1347.2052068220617,0
node_194,22,1107.033632237412,0
node_195,28,2467.0538466192043,0
node_196,2,2274.8716264586537,0
node_197,42,773.59770761584,0
node_198,45,3663.3563888221925,0
node_199,57,1526.054098874723,0
node_200,53,2529.062573454594,0
node_201,6,1776.986907679854,0
node_202,28,9607.461246051711,0
node_203,28,2593.9300090657885,0
node_204,44,2341.2739805187794,0
node_205,44,2761.486285275956,0
node_206,20,731.7000693504963,0
node_207,30,843.2607343351385,0
node_208,11,2377.9813354808607,0
node_209,58,1521.7730354990726,0
node_210,55,2607.514355987603,0
node_211,28,662.9087151410843,0
node_212,25,1653.3629909958554,0
node_213,39,1214.2053564115176,0
node_214,33,1415.9695443229175,1
node_215,1,1889.3520345960872,0
node_216,57,1546.6015709270068,0
node_217,27,1664.338808877165,0
node_218,57,1499.3416186345253,1
node_219,52,1288.7951329355003,0
node_220,13,2716.838232494428,0
node_221,41,518.4172117155586,0
node_222,3,1868.6075659401006,1
node_223,39,1750.367818687152,0
node_224,6,2389.1176767984034,0
node_225,8,1870.8006248421066,0
node_226,27,3129.952272546104,0
node_227,9,5294.013703882218,0
node_228,37,1129.0211129869954,0
node_229,33,886.895579880387,0
node_230,51,1326.4219571976007,0
node_231,42,1009.3677787870904,0
node_232,44,1931.5741496326148,0
node_233,24,4143.114045721478,0
node_234,15,724.6936043126461,1
node_235,59,659.3656968149154,0
node_236,54,943.6026807715257,0
node_237,32,2442.464131550303,0
node_238,32,1848.276433733739,0
node_239,24,661.7330878641114,0
node_240,41,4265.346328426282,0
node_241,52,2841.576295143338,0
node_242,49,534.9376462163154,0
node_243,49,2080.604136788397,0
node_244,58,2712.6665166266275,0
node_245,52,1203.650942939326,0
node_246,12,607.1175944048556,1
node_247,39,620.7109323901809,1
node_248,2,665.1358036323078,1
node_249,3,3252.999418223683,0
node_250,49,4123.398872352204,0
node_251,37,696.5488305796224,0
node_252,49,903.5967590161099,0
node_253,56,771.4206713206935,0
node_254,17,809.2837873248588,0
node_255,59,3225.5308936357724,0
node_256,49,1105.5294651353602,0
node_257,2,1059.7385170404207,0
node_258,2,886.9822410983804,0
node_259,28,1904.3361078323444,0
node_260,54,1215.374879275903,0
node_261,23,2545.330269252146,1
node_262,37,845.2141236823561,0
node_263,32,2825.2676062207124,0
node_264,33,1888.4571682357375,0
node_265,1,682.0101004410118,0
node_266,19,1302.945388292911,0
node_267,2,3487.3453571784503,1
node_268,53,4345.150280455566,0
node_269,44,1440.1970434269074,0
node_270,26,1483.3060061143565,0
node_271,32,4259.895336145251,0
node_272,6,1826.7093369210588,0
node_273,32,550.097350678446,0
node_274,55,4158.4573427081195,0
node_275,4,927.9801815989051,0
node_276,55,1792.8172975138707,0
node_277,11,771.4077418687325,0
node_278,56,551.6995395209861,0
node_279,59,1059.8014916677791,0
node_280,17,2774.575236589145,0
node_281,38,987.7377806498187,0
node_282,24,872.8790007547937,0
node_283,5,858.6822530816183,0
node_284,52,1585.946840353909,0
node_285,34,6066.154908988729,0
node_286,6,1421.473468213886,0
node_287,22,1722.3126003815494,0
node_288,11,3455.956235922117,0
node_289,48,1648.8017267398234,0
node_290,16,805.8624940217685,0
node_291,33,1034.146762383948,0
node_292,9,1056.4584115455048,1
node_293,59,1259.54866417538,0
node_294,6,1334.7518413359355,0
node_295,16,2912.522924455934,0
node_296,29,1144.7604231887613,0
node_297,3,1447.3214785427047,0
node_298,20,1971.147830796983,0
node_299,59,1211.5620264610907,0
node_300,36,3217.0081682158534,1
node_301,19,1828.1099074221963,0
node_302,26,1022.3049927605248,0
node_303,3,2377.9557227904024,0
node_304,19,1625.0453559899304,0
node_305,20,1646.8226466957742,0
node_306,32,1484.0313013549512,0
node_307,7,1530.783296414573,0
node_308,52,2674.530507362559,0
node_309,41,663.0181546868746,0
node_310,33,1110.515777908669,0
node_311,40,617.7588000096275,0
node_312,39,2599.046426999125,0
node_313,18,976.8034285630544,1
node_314,40,3915.8206732627687,0
node_315,1,1621.6536445549575,0
node_316,11,2919.7907216634685,0
node_317,28,6289.959783550553,0
node_318,57,3246.8940579442656,0
node_319,25,3526.0388519815565,0
node_320,50,1286.3336812685056,0
node_321,23,1703.5145467794634,0
node_322,31,939.320467964173,0
node_323,30,827.4450364382208,0
node_324,42,1556.3360922899915,0
node_325,35,1855.9837350815503,0
node_326,7,1121.6178203414338,0
node_327,16,1764.0151433630003,0
node_328,26,3776.676278706008,0
node_329,48,1720.3358443382695,0
node_330,57,2413.8107236254837,0
node_331,52,2954.5583652621726,0
node_332,49,7228.254317424105,0
node_333,2,1886.4745349897528,0
node_334,1,2966.4334416464226,0
node_335,48,5431.10618408051,0
node_336,12,4834.620520220788,0
node_337,5,728.1224679951792,0
node_338,37,1282.3049441790172,0
node_339,32,1087.321250813779,0
node_340,59,636.4059070486443,0
node_341,55,2004.57456298757,0
node_342,9,2497.16739116356,0
node_343,41,3327.0767701549794,0
node_344,35,696.4908758175421,0
node_345,19,3636.5920977328656,0
node_346,48,2044.716520481749,0
node_347,16,2325.8207979953977,0
node_348,3,4122.354693246081,0
node_349,20,1970.2892675164003,0
node_350,24,1113.9066913171505,0
node_351,54,3115.37422344943,0
node_352,56,1176.6178737663486,0
node_353,33,552.2414183310822,0
node_354,24,3163.7214665413326,0
node_355,52,1135.1201560197128,0
node_356,11,2729.732524118056,0
node_357,49,1175.9084366759957,0
node_358,8,3460.6562269392525,0
node_359,36,871.7510362502733,0
node_360,38,6006.398125931095,0
node_361,40,2769.5477826301326,0
node_362,20,681.9603557806419,0
node_363,35,1751.2942651351125,0
node_364,48,6836.746047934308,0
node_365,25,1455.3358758181284,0
node_366,35,801.5358912681061,0
node_367,25,1494.7371737700555,0
node_368,29,1577.5671988803972,0
node_369,18,2530.374552749122,0
node_370,46,2300.19954436291,0
node_371,18,1272.6271304872116,0
node_372,2,868.8951321478812,0
node_373,54,2053.685129622131,0
node_374,35,1321.5039762431147,0
node_375,16,712.8227458179299,0
node_376,41,3962.4868168164144,0
node_377,36,2262.6983686270896,0
node_378,33,2224.150493225634,0
node_379,4,3093.8859831447494,0
node_380,33,1631.454515876792,0
node_381,14,3031.5405571583037,0
node_382,21,1534.003939280375,0
node_383,48,604.3071371458955,0
node_384,20,1279.4163725819894,0
node_385,56,1532.1346681439104,1
node_386,8,2410.534165248753,0
node_387,7,669.0455938501482,0
node_388,3,726.2666698232713,0
node_389,17,959.143454789315,0
node_390,33,964.888236562131,0
node_391,48,2476.185892017833,0
node_392,12,932.9851420833234,0
node_393,59,2003.9910038620899,0
node_394,51,1522.6399430093848,0
node_395,22,1777.4913706433747,0
node_396,55,3231.229142531579,0
node_397,22,1277.2323802107894,0
node_398,46,2710.469525860447,0
node_399,30,1322.3656985326847,0
node_400,38,1155.1350312927125,0
node_401,38,5277.69660583112,0
node_402,45,805.6933805257713,0
node_403,51,642.021551589769,0
node_404,54,2710.957725159136,1
node_405,8,606.0356365914732,0
node_406,27,3221.7347017619695,0
node_407,27,1362.228830388935,1
node_408,34,4206.748428744133,0
node_409,21,2417.6828297494158,0
node_410,30,1913.970029388054,1
node_411,33,4972.945162442223,0
node_412,28,1257.8851705272955,0
node_413,47,5121.508393143274,0
node_414,33,717.540873258306,0
node_415,5,1491.760561254725,0
node_416,48,971.8837086089065,0
node_417,19,1664.2805943679848,0
node_418,4,765.1306090504985,0
node_419,35,3263.281751704544,0
node_420,49,3310.181842823972,0
node_421,17,5159.537030149019,0
node_422,44,752.0460918835147,0
node_423,28,1964.5888680539458,0
node_424,30,1464.3579879072586,0
node_425,29,1133.269427865304,1
node_426,46,1149.7328096260717,0
node_427,53,1298.5682276645293,0
node_428,6,2330.7913708212645,0
node_429,35,1868.0225470903458,0
node_430,41,1423.3947831487842,0
node_431,37,618.4567148563843,0
node_432,24,621.4333704507956,0
node_433,29,503.5131969127433,0
node_434,49,5649.003661963742,0
node_435,46,507.90150259113176,0
node_436,53,663.2058994867047,0
node_437,31,1066.6214688982166,0
node_438,35,2970.945293982051,0
node_439,33,5409.158194281322,0
node_440,52,2841.0684740369397,0
node_441,21,2259.487726848665,0
node_442,32,1605.0238652083954,0
node_443,23,636.0448578912603,0
node_444,33,5261.240677231344,0
node_445,3,2630.6606212744578,0
node_446,18,2028.1056854705232,1
node_447,25,2634.6606398444055,0
node_448,42,2431.593297181436,0
node_449,31,2020.985913730223,0
node_450,54,6411.930590571997,0
node_451,58,4005.2029962792544,0
node_452,3,2060.5076519923164,0
node_453,40,2272.2176235146408,0
node_454,46,579.4617549657169,0
node_455,24,2162.6188225537026,0
node_456,50,567.7556493559598,0
node_457,32,1831.058482189871,0
node_458,47,11515.905032285164,0
node_459,22,1717.2427760213575,0
node_460,23,1461.4302739727684,0
node_461,2,1062.8146064186499,0
node_462,27,692.6410811487318,0
node_463,42,2469.6978518577876,0
node_464,2,820.9022996513899,0
node_465,26,683.7295292535438,0
node_466,17,1321.6563069332378,0
node_467,40,2879.621290868833,0
node_468,33,2550.1173436245567,0
node_469,9,584.6692128461111,0
node_470,43,1410.8497420202025,1
node_471,54,1608.5811724749783,0
node_472,48,2051.541895608107,0
node_473,39,2075.4505744543085,0
node_474,29,1180.4804318017482,0
node_475,42,1733.781222419931,0
node_476,55,1483.9559594289744,1
node_477,26,3744.21328942865,1
node_478,35,1633.3802831573198,0
node_479,50,1372.495012873118,0
node_480,25,1277.4941850524845,0
node_481,24,1774.4480316501595,0
node_482,13,2944.2847619185004,0
node_483,58,1659.5896887820033,0
node_484,7,2125.5345672079675,0
node_485,57,2508.2906280569177,1
node_486,36,1601.4791980080422,0
node_487,45,1334.8255105557341,0
node_488,20,3639.2811684539774,0
node_489,1,1310.6548074198563,0
node_490,8,1429.6857481489528,0
node_491,46,7459.846395059549,0
node_492,16,500.3563276836151,0
node_493,14,807.7213869574384,0
node_494,12,1226.6745453597982,0
node_495,51,4545.440840717101,0
node_496,23,608.9039525133928,0
node_497,15,514.2960603086149,0
node_498,28,581.1835744847617,0
node_499,34,639.0669671975585,0
node_500,2,557.4826421989458,0
node_501,32,1480.259045790027,0
node_502,23,1803.9576037841578,0
node_503,22,975.5365076106473,0
node_504,51,1261.9629945135762,0
node_505,25,644.2697396899367,0
node_506,58,1115.0468189863736,1
node_507,22,1608.846967660743,0
node_508,58,2476.6745285584384,0
node_509,58,505.027960452325,0
node_510,22,1444.7256147836038,0
node_511,49,1028.6037182979628,0
node_512,52,3374.1669932994687,0
node_513,42,2385.81416411922,0
node_514,6,1834.1392602470714,0
node_515,15,987.0703186597312,0
node_516,54,4117.580787998216,0
node_517,43,569.2240478475837,0
node_518,37,673.9036870657236,0
node_519,33,1245.4583907332008,1
node_520,8,699.3332111987892,0
node_521,53,5199.587343833322,0
node_522,44,2899.152083452533,0
node_523,44,949.596862725213,0
node_524,5,1832.1170768034924,0
node_525,39,6553.874214577585,0
node_526,4,3733.8228341847025,0
node_527,6,1877.43326431181,0
node_528,45,4010.8038072179365,0
node_529,32,7290.219320868442,0
node_530,52,2540.0794835560737,0
node_531,30,600.7913217300108,0
node_532,47,1270.1942382551547,0
node_533,35,3228.625720671565,0
node_534,55,893.1563792299611,0
node_535,40,3163.615277796407,0
node_536,52,692.3276037241211,0
node_537,16,572.1245588696069,0
node_538,13,1226.9831342676255,0
node_539,50,556.1353159300731,0
node_540,42,5229.290275821797,0
node_541,30,3124.824258207564,0
node_542,19,2919.9406585489796,0
node_543,17,1990.478367917318,0
node_544,56,865.6394581265002,0
node_545,19,1595.5272360616414,0
node_546,28,1864.2485433010852,0
node_547,58,1616.7601921207547,0
node_548,55,952.1307569264948,0
node_549,26,1586.1765543468355,0
node_550,37,1513.5101323092435,0
node_551,26,8913.7079688816,0
node_552,53,3915.9045926948434,0
node_553,23,1433.699696430841,0
node_554,9,1963.016018473622,0
node_555,12,2566.725220482653,0
node_556,53,553.2311856153223,0
node_557,1,3879.570544682536,0
node_558,58,3450.528647664137,0
node_559,58,1417.1630540089534,0
node_560,1,1244.3237182555208,1
node_561,47,978.159383723167,0
node_562,34,1471.3341300322938,0
node_563,32,568.0871646210364,0
node_564,54,3367.77727804783,0
node_565,48,554.0974414049487,1
node_566,25,1098.5940431259505,0
node_567,40,4523.34317992129,0
node_568,45,2493.242367570594,0
node_569,53,995.6567377532306,0
node_570,1,936.8306756229633,1
node_571,16,507.6426467181901,1
node_572,39,2284.6822891757947,0
node_573,5,575.0205096622377,0
node_574,22,1640.8628707061598,0
node_575,29,5410.0761301758785,0
node_576,55,673.9058117097514,0
node_577,3,3873.2811745492963,0
node_578,12,7647.187354681206,0
node_579,26,595.2358476358351,0
node_580,16,3717.1708196379136,1
node_581,51,1588.7504764611822,0
node_582,37,4054.91087822193,0
node_583,22,1770.5631363670166,0
node_584,57,2127.561243903536,0
node_585,29,1677.1666041305973,0
node_586,14,3498.0966442783324,1
node_587,28,2485.880565469399,0
node_588,5,1604.8974177825492,0
node_589,47,3539.2584672972866,0
node_590,49,922.1236845230735,0
node_591,30,756.7887600327983,0
node_592,46,762.244724732524,0
node_593,52,1109.718409969878,0
node_594,5,909.072029667014,0
node_595,12,4490.827388298521,0
node_596,16,667.7959154795375,0
node_597,26,2300.9213661111025,0
node_598,26,814.640646269348,0
node_599,48,3701.0003406393494,0
node_600,21,5378.466200801472,0
node_601,39,1439.5511589159719,0
node_602,36,3668.833480447127,0
node_603,33,507.7376790860251,0
node_604,30,3071.7553524185323,0
node_605,37,889.3712776094446,0
node_606,23,4090.428247675693,0
node_607,58,501.68110891072473,0
node_608,10,1718.510170241018,0
node_609,54,2619.7943116849833,0
node_610,5,949.0012036557509,0
node_611,36,821.8943965997236,0
node_612,34,631.7692280145678,0
node_613,52,1092.7529954738907,0
node_614,31,1730.940168489731,0
node_615,10,684.6823990110146,0
node_616,58,1209.0798412013141,0
node_617,19,513.6707143009419,1
node_618,58,3061.232985359996,0
node_619,32,706.220858730045,0
node_620,1,999.7367942046028,0
node_621,56,527.8994364612677,0
node_622,5,1349.086798163297,0
node_623,45,3250.0117165477864,0
node_624,4,1246.743696473842,0
node_625,16,796.7571594937076,0
node_626,24,2601.8003600117186,0
node_627,16,2832.474178694865,0
node_628,55,786.2931409192945,0
node_629,2,2710.094596505849,0
node_630,49,4914.64962980062,0
node_631,28,772.9620819006157,0
node_632,32,2710.947029326196,0
node_633,27,2349.4434766681875,0
node_634,20,1462.4664442468747,0
node_635,24,589.4983567943874,0
node_636,12,616.4468552683886,0
node_637,50,3370.0230332180595,0
node_638,35,7430.1779516939805,0
node_639,33,2190.75959571724,0
node_640,33,1385.773005443734,0
node_641,51,2064.370394012487,0
node_642,43,1853.5664266320123,0
node_643,37,1225.818599111099,0
node_644,12,601.8179710489856,0
node_645,3,3084.858822332997,0
node_646,1,1197.4251002173964,0
node_647,33,3062.111986386118,0
node_648,40,936.5490185818122,1
node_649,10,501.54501518597226,0
node_650,43,759.6353551627449,0
node_651,44,1448.189367981549,1
node_652,29,4831.760590616695,0
node_653,13,661.7012690879974,0
node_654,12,3388.3797527864876,0
node_655,31,1623.0662527299805,1
node_656,46,3122.367071675719,0
node_657,2,1031.5330920969739,0
node_658,51,3248.37694619322,0
node_659,50,2723.037291980597,0
node_660,35,892.1517271812158,0
node_661,23,711.1968112070214,0
node_662,17,3538.047463152219,0
node_663,26,5454.880921335617,0
node_664,8,547.7040515906915,0
node_665,29,2471.07255520566,0
node_666,26,4104.014456243345,0
node_667,10,3421.14792658446,0
node_668,26,5508.199148771892,0
node_669,34,2641.2626389726247,0
node_670,51,1375.8978146609643,0
node_671,41,1060.8449933394713,0
node_672,7,1080.1330146780488,0
node_673,4,2433.330514408898,0
node_674,58,2554.669299256809,0
node_675,53,835.388872323633,0
node_676,50,3538.826292083999,0
node_677,45,2382.4994129284664,0
node_678,11,1740.8762299355208,0
node_679,29,1456.6608422941208,1
node_680,56,1675.3721596207945,0
node_681,36,760.1837891350825,0
node_682,25,841.6712728568727,0
node_683,21,643.3867380830224,0
node_684,57,750.2476862531047,0
node_685,36,1406.863027727553,0
node_686,10,1633.6653468651452,0
node_687,37,527.0350122384453,0
node_688,9,2890.3308105341157,0
node_689,24,1022.5669885696891,0
node_690,35,4142.835438633198,0
node_691,49,5640.292733672414,0
node_692,35,807.6955410783044,0
node_693,48,1430.1163595418152,0
node_694,36,501.8488917485154,0
node_695,18,1868.1764213908846,0
node_696,49,1902.088606790969,0
node_697,39,926.6110713742281,1
node_698,32,1726.0692221057584,0
node_699,24,883.3841759132545,0
node_700,23,763.0048573937138,0
node_701,32,2081.2593637576233,0
node_702,37,1091.621879863987,0
node_703,12,1838.363119942292,0
node_704,49,1351.7468800185145,0
node_705,55,6736.0614439068895,0
node_706,13,743.0385343895139,0
node_707,23,1437.1077901226358,1
node_708,25,2211.2933894517396,0
node_709,35,1255.1422882327215,0
node_710,41,6015.4175425285375,0
node_711,30,2419.5950463119807,0
node_712,17,2104.9666556441184,0
node_713,49,2622.406647536908,0
node_714,20,5075.2395440927885,0
node_715,48,4075.9962183734874,1
node_716,25,2432.5830095344454,0
node_717,22,2574.4197916670737,0
node_718,13,736.599261731038,0
node_719,59,662.7020158719642,1
node_720,19,1769.1136676050912,0
node_721,49,527.8076246404215,0
node_722,36,1487.7024031600283,0
node_723,12,854.2474065233873,0
node_724,41,1137.0098909541402,0
node_725,19,2742.8568374601887,0
node_726,12,4751.377181985781,0
node_727,9,612.7583239345621,0
node_728,7,1646.134302935549,0
node_729,28,3712.402957569182,0
node_730,14,629.1680014086427,0
node_731,31,3110.2944178665957,0
node_732,52,1164.2864013848819,0
node_733,19,1083.1215193809683,0
node_734,58,6189.120714540809,0
node_735,47,836.3269859680181,0
node_736,16,2272.309190125894,0
node_737,53,3084.252015370535,0
node_738,5,563.0833439528329,0
node_739,35,2164.74704427453,0
node_740,12,5040.833617015527,0
node_741,25,698.9604847225548,0
node_742,52,3898.24183623814,0
node_743,59,1854.975276879897,0
node_744,21,1938.0325985725258,0
node_745,36,1923.7795180433945,0
node_746,53,1032.519958559565,0
node_747,23,4604.716534845282,0
node_748,16,4916.14674103261,0
node_749,57,1972.4630156701724,0
node_750,39,2794.711806746936,0
node_751,45,1921.1226088636508,0
node_752,53,1493.6314955152352,0
node_753,42,2121.8370317706376,0
node_754,58,1707.7999010304316,0
node_755,39,1865.0003229578626,0
node_756,14,2797.5529339535137,0
node_757,31,1483.4991756830477,0
node_758,58,562.4117455820826,0
node_759,5,768.6890676075018,0
node_760,35,1366.001704383957,0
node_761,23,2435.5305331260815,0
node_762,29,1849.4404513924935,0
node_763,43,2075.994513514991,0
node_764,11,1478.811128208296,0
node_765,18,1934.661701156395,0
node_766,47,1098.5181952241433,0
node_767,12,1452.8342694751111,0
node_768,9,2545.5027936110027,1
node_769,10,3581.629180109983,0
node_770,58,1352.8286532605782,0
node_771,44,566.9652710174933,0
node_772,17,764.5197440775241,0
node_773,38,531.6227107630818,0
node_774,7,2088.783150438181,0
node_775,46,1105.9073186593237,0
node_776,13,1672.8975462135638,0
node_777,40,1519.6857101197597,0
node_778,42,627.5633221345508,0
node_779,9,1274.4140784126596,0
node_780,50,873.7715136655623,0
node_781,27,1312.9579840987403,0
node_782,58,841.439652299664,0
node_783,2,3253.1195120293746,0
node_784,5,787.091894768587,0
node_785,29,5357.87377952594,0
node_786,37,1306.5435336819014,0
node_787,38,3308.595127625015,0
node_788,19,1986.3792560319125,0
node_789,8,2494.0223138147994,0
node_790,48,2689.7427159875447,0
node_791,45,1554.326293385671,0
node_792,1,1675.5945571387845,0
node_793,22,1582.3072289999086,0
node_794,52,1830.3104510984085,0
node_795,17,544.7526793142847,0
node_796,7,1255.0680561685058,0
node_797,25,1897.8251792833862,0
node_798,45,1865.9236671017632,0
node_799,4,2862.236607279601,0
node_800,36,2096.3568970935903,0
node_801,6,7767.678043305492,1
node_802,31,1000.8079404858504,0
node_803,19,1167.4421982907356,0
node_804,44,1226.3903242145734,0
node_805,54,1440.5134291978181,0
node_806,39,3211.815567523241,0
node_807,27,903.3730977652577,0
node_808,10,2744.165227089252,0
node_809,26,1279.5729882192327,0
node_810,19,1881.4099730944295,0
node_811,39,2001.7133913582209,0
node_812,3,1199.8510392369603,0
node_813,45,1578.0520022640555,0
node_814,13,1299.1753534896927,0
node_815,50,607.4579590404187,0
node_816,28,1362.1541861593512,0
node_817,58,653.7027067352893,0
node_818,20,1278.8432457275194,0
node_819,28,1848.112432732304,0
node_820,8,1799.162660543931,0
node_821,41,2129.8237676890276,0
node_822,39,650.164004157217,0
node_823,1,2083.8605236370536,0
node_824,3,1061.2724943410744,0
node_825,13,1263.855195273089,0
node_826,28,3427.7471340571888,0
node_827,57,513.6071380619213,0
node_828,49,1831.600953110946,0
node_829,25,1869.6212590190166,0
node_830,56,1257.9110345458287,0
node_831,33,905.8006375036884,0
node_832,38,901.1801631980383,0
node_833,53,3727.49805054607,0
node_834,6,1375.159997253938,0
node_835,58,1102.7087837439913,0
node_836,44,1393.4253110419763,0
node_837,45,2160.225590477662,0
node_838,32,736.3086153778265,1
node_839,45,1395.2122095413747,0
node_840,47,1829.6769745452577,0
node_841,21,4951.689985053832,0
node_842,16,936.5872115961082,0
node_843,54,1167.6756214848483,0
node_844,21,1215.5027049794787,0
node_845,11,1895.3493011636397,0
node_846,37,1161.7908916496503,0
node_847,36,1643.784233547328,0
node_848,35,2783.4483330720686,0
node_849,19,2333.131814489549,0
node_850,20,1386.8843609714509,0
node_851,57,3495.036799444536,0
node_852,18,1725.1441310454954,0
node_853,47,1664.4861705682906,0
node_854,41,552.178757511564,1
node_855,49,6979.195385440078,0
node_856,14,696.8225023472748,1
node_857,15,894.251841793405,0
node_858,31,579.6215538655117,0
node_859,1,2032.4892331693843,0
node_860,53,881.760118767733,0
node_861,54,797.6955011451807,0
node_862,54,639.0870016529495,0
node_863,3,663.565865090489,0
node_864,16,1818.0253707366137,0
node_865,23,2248.1278249383377,0
node_866,57,1259.7001771445755,0
node_867,11,1480.5928504625037,0
node_868,12,2237.3893200588877,0
node_869,10,526.2988876501006,0
node_870,32,1085.4155283365412,0
node_871,16,5923.3179215318405,0
node_872,8,1801.651725459899,0
node_873,38,939.9961543109748,1
node_874,12,1606.369924871214,0
node_875,24,1129.3159762865616,0
node_876,28,1639.7159007893968,0
node_877,53,701.5687909569283,0
node_878,8,713.5808560107027,0
node_879,58,732.4256328725295,1
node_880,28,4715.617625409176,0
node_881,36,2480.1921638526755,1
node_882,26,765.7895058901443,0
node_883,8,813.027406057789,0
node_884,58,2468.615266716705,0
node_885,50,754.695398198471,0
node_886,28,900.9592051450074,0
node_887,28,5459.383156215964,0
node_888,37,942.173881785204,0
node_889,41,2125.433380765002,0
node_890,36,6268.741182233567,0
node_891,27,1203.3186338024593,0
node_892,54,526.5068165866228,0
node_893,17,919.8631255777784,0
node_894,9,3165.6952242658426,0
node_895,33,3499.380768191966,0
node_896,53,2694.8885855082135,0
node_897,20,680.0511708410683,0
node_898,13,2880.85703319091,1
node_899,28,4264.004300003623,0
node_900,48,1876.7236257346124,0
node_901,29,4742.161188571474,0
node_902,13,3130.2992147881723,0
node_903,46,2149.290887146588,0
node_904,35,1791.2316615430375,0
node_905,6,1142.88644313587,0
node_906,18,760.2582008864306,0
node_907,51,1893.1293042018654,0
node_908,5,1074.3338043086767,0
node_909,47,3519.7917310609696,0
node_910,25,8016.76406610417,0
node_911,2,2594.079307008089,0
node_912,10,642.2602326485016,0
node_913,56,1010.9611198127316,0
node_914,30,673.3008538849067,0
node_915,50,2076.927567317829,0
node_916,59,2673.473426662596,0
node_917,45,4398.958452047149,0
node_918,5,1364.840213500469,0
node_919,55,3974.655629428841,0
node_920,56,3654.263739444262,0
node_921,33,1072.320522555943,0
node_922,54,3547.699489550571,0
node_923,1,1206.619716698821,0
node_924,18,1028.3186761623565,0
node_925,32,2070.772671888075,1
node_926,47,1097.096604255297,1
node_927,49,1992.2249258439329,0
node_928,11,1911.766047313511,0
node_929,21,1743.2404985796074,0
node_930,26,1218.0694587242986,0
node_931,25,1692.768934442006,0
node_932,22,1861.3141915433225,0
node_933,59,1683.452968607608,0
node_934,27,1381.612521299118,0
node_935,49,522.1635226589335,0
node_936,13,1826.6856657565468,0
node_937,33,776.685646415258,0
node_938,34,2043.248659971643,0
node_939,41,2636.582170536479,0
node_940,35,1541.057293486264,0
node_941,1,1672.5206579232008,0
node_942,21,5038.6242649697715,0
node_943,48,3317.617732215627,0
node_944,55,4184.242935378439,0
node_945,6,3021.129319417537,0
node_946,28,672.9788119275913,0
node_947,17,742.0003707526804,1
node_948,5,1621.7972780089892,0
node_949,31,923.6829513736069,0
node_950,5,1471.3875780086453,0
node_951,38,1252.2174789221262,0
node_952,3,1695.8102754620645,0
node_953,53,2560.8120054558417,0
node_954,23,2385.48509740964,0
node_955,37,1604.8153931041295,0
node_956,53,3092.27658935056,1
node_957,37,1345.4487565133109,0
node_958,10,3905.384368736819,0
node_959,10,610.9224136017679,0
node_960,19,5140.349444457486,0
node_961,17,2094.9824575815396,0
node_962,21,1217.2339758047724,0
node_963,14,829.3887828572558,0
node_964,9,1478.5354806155747,0
node_965,46,824.5467277634584,0
node_966,1,772.8793503417389,0
node_967,51,1940.9587077191022,0
node_968,45,1610.6246353075235,0
node_969,13,2163.4305212704176,0
node_970,4,4480.468258116651,0
node_971,1,1639.7647236565392,1
node_972,49,1804.5833122348483,0
node_973,40,640.8502211566984,1
node_974,32,2396.8362530486174,0
node_975,34,1266.0014713777173,0
node_976,28,6140.578564854342,0
node_977,31,3098.883753447403,0
node_978,8,1608.7271211862953,0
node_979,39,697.253300680354,0
node_980,26,3442.922950485891,0
node_981,58,2912.515982161493,1
node_982,34,806.0873776206927,0
node_983,54,1024.928435872297,0
node_984,54,2865.508781474918,0
node_985,3,807.2712613182878,0
node_986,59,4247.033229914593,0
node_987,50,1328.8455597659654,0
node_988,12,636.5931119603583,0
node_989,1,3037.1815785252725,0
node_990,54,1201.4329407995506,0
node_991,44,1621.4024966970476,0
node_992,5,678.6894873922952,0
node_993,30,503.88103876067163,0
node_994,30,2024.1053000256848,0
node_995,59,1585.95144384535,0
node_996,57,1850.3993532312645,0
node_997,17,2867.9546568124315,0
node_998,48,2060.2571782727196,0
node_999,47,788.1459733887375,0
